Babyface,2122,2020-09-17 00:00:00 +0000 UTC
Babyface,1847,2020-09-17 00:00:00 +0000 UTC
Babyface,1607,2020-09-17 00:00:00 +0000 UTC
Babyface,1597,2020-09-11 00:00:00 +0000 UTC
Babyface,1512,2020-09-11 00:00:00 +0000 UTC
Babyface,1414,2020-09-17 00:00:00 +0000 UTC
Babyface,1396,2020-09-17 00:00:00 +0000 UTC
Babyface,1375,2020-09-17 00:00:00 +0000 UTC
Babyface,1228,2020-09-11 00:00:00 +0000 UTC
Babyface,1214,2020-09-11 00:00:00 +0000 UTC
Mrsalmon,1832,2020-09-17 00:00:00 +0000 UTC
Mrsalmon,1641,2020-09-17 00:00:00 +0000 UTC
Mrsalmon,1552,2020-09-17 00:00:00 +0000 UTC
Mrsalmon,1396,2020-09-17 00:00:00 +0000 UTC
Mrsalmon,1390,2020-09-17 00:00:00 +0000 UTC
Mrsalmon,1373,2020-09-17 00:00:00 +0000 UTC
Mrsalmon,1288,2020-09-17 00:00:00 +0000 UTC
Mrsalmon,1211,2020-09-11 00:00:00 +0000 UTC
Mrsalmon,1199,2020-09-11 00:00:00 +0000 UTC
Mrsalmon,1172,2020-09-17 00:00:00 +0000 UTC
Ohface,2243,2020-09-17 00:00:00 +0000 UTC
Ohface,2241,2020-09-17 00:00:00 +0000 UTC
Ohface,2070,2020-09-17 00:00:00 +0000 UTC
Ohface,2068,2020-09-17 00:00:00 +0000 UTC
Ohface,2008,2020-09-17 00:00:00 +0000 UTC
Ohface,1938,2020-09-17 00:00:00 +0000 UTC
Ohface,1931,2020-09-17 00:00:00 +0000 UTC
Ohface,1838,2020-09-17 00:00:00 +0000 UTC
Ohface,1825,2020-09-17 00:00:00 +0000 UTC
Ohface,1817,2020-09-17 00:00:00 +0000 UTC
Papawoody,2962,2020-09-17 00:00:00 +0000 UTC
Papawoody,2493,2020-09-17 00:00:00 +0000 UTC
Papawoody,1991,2020-09-17 00:00:00 +0000 UTC
Papawoody,1937,2020-09-17 00:00:00 +0000 UTC
Papawoody,1930,2020-09-17 00:00:00 +0000 UTC
Papawoody,1888,2020-09-17 00:00:00 +0000 UTC
Papawoody,1877,2020-09-17 00:00:00 +0000 UTC
Papawoody,1863,2020-09-17 00:00:00 +0000 UTC
Papawoody,1800,2020-09-17 00:00:00 +0000 UTC
Papawoody,1783,2020-09-17 00:00:00 +0000 UTC
Ran,1885,2020-09-17 00:00:00 +0000 UTC
Ran,1828,2020-09-17 00:00:00 +0000 UTC
Ran,1663,2020-09-17 00:00:00 +0000 UTC
Ran,1656,2020-09-17 00:00:00 +0000 UTC
Ran,1597,2020-09-17 00:00:00 +0000 UTC
Ran,1470,2020-09-17 00:00:00 +0000 UTC
Ran,1460,2020-09-17 00:00:00 +0000 UTC
Ran,1370,2020-09-17 00:00:00 +0000 UTC
Ran,1335,2020-09-17 00:00:00 +0000 UTC
Ran,1277,2020-09-17 00:00:00 +0000 UTC
Teezy,1662,2020-09-17 00:00:00 +0000 UTC
Teezy,1398,2020-09-17 00:00:00 +0000 UTC
Teezy,1368,2020-09-17 00:00:00 +0000 UTC
Teezy,1203,2020-09-17 00:00:00 +0000 UTC
Teezy,1152,2020-09-17 00:00:00 +0000 UTC
Teezy,1131,2020-09-17 00:00:00 +0000 UTC
Teezy,1077,2020-09-11 00:00:00 +0000 UTC
Teezy,1021,2020-09-17 00:00:00 +0000 UTC
Teezy,1014,2020-09-17 00:00:00 +0000 UTC
Teezy,976,2020-09-17 00:00:00 +0000 UTC
User1,2000,2020-09-11 00:00:00 +0000 UTC
Babyface,2122,2020-09-17 00:00:00 +0000 UTC
Babyface,1847,2020-09-17 00:00:00 +0000 UTC
Babyface,1607,2020-09-17 00:00:00 +0000 UTC
Babyface,1414,2020-09-17 00:00:00 +0000 UTC
Babyface,1396,2020-09-17 00:00:00 +0000 UTC
Babyface,1375,2020-09-17 00:00:00 +0000 UTC
Babyface,1067,2020-09-17 00:00:00 +0000 UTC
Babyface,991,2020-09-17 00:00:00 +0000 UTC
Babyface,980,2020-09-17 00:00:00 +0000 UTC
Babyface,937,2020-09-17 00:00:00 +0000 UTC
Mrsalmon,1832,2020-09-17 00:00:00 +0000 UTC
Mrsalmon,1641,2020-09-17 00:00:00 +0000 UTC
Mrsalmon,1552,2020-09-17 00:00:00 +0000 UTC
Mrsalmon,1396,2020-09-17 00:00:00 +0000 UTC
Mrsalmon,1390,2020-09-17 00:00:00 +0000 UTC
Mrsalmon,1373,2020-09-17 00:00:00 +0000 UTC
Mrsalmon,1288,2020-09-17 00:00:00 +0000 UTC
Mrsalmon,1172,2020-09-17 00:00:00 +0000 UTC
Mrsalmon,1152,2020-09-17 00:00:00 +0000 UTC
Mrsalmon,1039,2020-09-17 00:00:00 +0000 UTC
Ohface,2243,2020-09-17 00:00:00 +0000 UTC
Ohface,2241,2020-09-17 00:00:00 +0000 UTC
Ohface,2070,2020-09-17 00:00:00 +0000 UTC
Ohface,2068,2020-09-17 00:00:00 +0000 UTC
Ohface,2008,2020-09-17 00:00:00 +0000 UTC
Ohface,1938,2020-09-17 00:00:00 +0000 UTC
Ohface,1931,2020-09-17 00:00:00 +0000 UTC
Ohface,1838,2020-09-17 00:00:00 +0000 UTC
Ohface,1825,2020-09-17 00:00:00 +0000 UTC
Ohface,1817,2020-09-17 00:00:00 +0000 UTC
Papawoody,2962,2020-09-17 00:00:00 +0000 UTC
Papawoody,2493,2020-09-17 00:00:00 +0000 UTC
Papawoody,1991,2020-09-17 00:00:00 +0000 UTC
Papawoody,1937,2020-09-17 00:00:00 +0000 UTC
Papawoody,1930,2020-09-17 00:00:00 +0000 UTC
Papawoody,1888,2020-09-17 00:00:00 +0000 UTC
Papawoody,1877,2020-09-17 00:00:00 +0000 UTC
Papawoody,1863,2020-09-17 00:00:00 +0000 UTC
Papawoody,1800,2020-09-17 00:00:00 +0000 UTC
Papawoody,1783,2020-09-17 00:00:00 +0000 UTC
Ran,1885,2020-09-17 00:00:00 +0000 UTC
Ran,1828,2020-09-17 00:00:00 +0000 UTC
Ran,1663,2020-09-17 00:00:00 +0000 UTC
Ran,1656,2020-09-17 00:00:00 +0000 UTC
Ran,1597,2020-09-17 00:00:00 +0000 UTC
Ran,1470,2020-09-17 00:00:00 +0000 UTC
Ran,1460,2020-09-17 00:00:00 +0000 UTC
Ran,1370,2020-09-17 00:00:00 +0000 UTC
Ran,1335,2020-09-17 00:00:00 +0000 UTC
Ran,1277,2020-09-17 00:00:00 +0000 UTC
Teezy,1662,2020-09-17 00:00:00 +0000 UTC
Teezy,1398,2020-09-17 00:00:00 +0000 UTC
Teezy,1368,2020-09-17 00:00:00 +0000 UTC
Teezy,1203,2020-09-17 00:00:00 +0000 UTC
Teezy,1152,2020-09-17 00:00:00 +0000 UTC
Teezy,1131,2020-09-17 00:00:00 +0000 UTC
Teezy,1021,2020-09-17 00:00:00 +0000 UTC
Teezy,1014,2020-09-17 00:00:00 +0000 UTC
Teezy,976,2020-09-17 00:00:00 +0000 UTC
Teezy,972,2020-09-17 00:00:00 +0000 UTC
